StatID,TeamID,PlayerID,SeasonType,Season,Name,Team,Position,PositionCategory,Started,BattingOrder,AverageDraftPosition,Updated,Games,FantasyPoints,AtBats,Runs,Hits,Singles,Doubles,Triples,HomeRuns,RunsBattedIn,BattingAverage,Outs,Strikeouts,Walks,HitByPitch,Sacrifices,SacrificeFlies,GroundIntoDoublePlay,StolenBases,CaughtStealing,PitchesSeen,OnBasePercentage,SluggingPercentage,OnBasePlusSlugging,Errors,Wins,Losses,Saves,InningsPitchedDecimal,TotalOutsPitched,InningsPitchedFull,InningsPitchedOuts,EarnedRunAverage,PitchingHits,PitchingRuns,PitchingEarnedRuns,PitchingWalks,PitchingStrikeouts,PitchingHomeRuns,PitchesThrown,PitchesThrownStrikes,WalksHitsPerInningsPitched,PitchingBattingAverageAgainst,GrandSlams,FantasyPointsFanDuel,FantasyPointsDraftKings,FantasyPointsYahoo,PlateAppearances,TotalBases,FlyOuts,GroundOuts,LineOuts,PopOuts,IntentionalWalks,ReachedOnError,BallsInPlay,BattingAverageOnBallsInPlay,WeightedOnBasePercentage,PitchingSingles,PitchingDoubles,PitchingTriples,PitchingGrandSlams,PitchingHitByPitch,PitchingSacrifices,PitchingSacrificeFlies,PitchingGroundIntoDoublePlay,PitchingCompleteGames,PitchingShutOuts,PitchingNoHitters,PitchingPerfectGames,PitchingPlateAppearances,PitchingTotalBases,PitchingFlyOuts,PitchingGroundOuts,PitchingLineOuts,PitchingPopOuts,PitchingIntentionalWalks,PitchingReachedOnError,PitchingCatchersInterference,PitchingBallsInPlay,PitchingOnBasePercentage,PitchingSluggingPercentage,PitchingOnBasePlusSlugging,PitchingStrikeoutsPerNineInnings,PitchingWalksPerNineInnings,PitchingBattingAverageOnBallsInPlay,PitchingWeightedOnBasePercentage,DoublePlays,PitchingDoublePlays,BattingOrderConfirmed,IsolatedPower,FieldingIndependentPitching,PitchingQualityStarts
1329208,32,10001126,1,2016,Andrew Susac,MIL,C,IF,4,,,3/29/2017 11:06:27 AM,9,8.00,2.00,2.00,1.00,0.00,0.00,0.00,1.00,2.00,0.5,1.00,1.00,0.00,0.00,0.00,0.00,0.00,0.00,0.00,8.00,0.5,2,2.5,0.00,0.00,0.00,0.00,0.00,0.00,0.00,0.00,0,0.00,0.00,0.00,0.00,0.00,0.00,0.00,0.00,0,0,0.00,25.40,18.00,15.60,2.00,4.00,0.00,0.00,0.00,0.00,0.00,0.00,0.00,0,1,0.00,0.00,0.00,0.00,0.00,0.00,0.00,0.00,0.00,0.00,0.00,0.00,0.00,0.00,0.00,0.00,0.00,0.00,0.00,0.00,0.00,0.00,0,0,0,0,0,0,0,0.00,0.00,,1.5,0,0.00
1329211,28,10001257,1,2016,Tanner Scheppers,TEX,RP,P,0,,,3/29/2017 11:06:27 AM,10,1.33,0.00,0.00,0.00,0.00,0.00,0.00,0.00,0.00,0,0.00,0.00,0.00,0.00,0.00,0.00,0.00,0.00,0.00,0.00,0,0,0,0.00,0.00,0.00,0.00,1.3333333333,4.00,1.00,1.00,0,0.00,0.00,0.00,1.00,1.00,0.00,28.00,9.00,0.750,0,0.00,7.00,4.40,5.10,0.00,0.00,0.00,0.00,0.00,0.00,0.00,0.00,0.00,0,0,0.00,0.00,0.00,0.00,0.00,0.00,0.00,0.00,0.00,0.00,0.00,0.00,5.00,0.00,1.00,0.00,1.00,0.00,0.00,0.00,0.00,3.00,0.2,0,0.2,0.15,0.15,0,0.2,0.00,0.00,,0,4.15,0.00
1329214,11,10001453,1,2016,Justin Marks,TB,RP,P,0,,,3/29/2017 11:06:27 AM,4,3.66,0.00,0.00,0.00,0.00,0.00,0.00,0.00,0.00,0,0.00,0.00,0.00,0.00,0.00,0.00,0.00,0.00,0.00,0.00,0,0,0,0.00,0.00,0.00,0.00,3.6666666667,11.00,3.00,2.00,0,5.00,0.00,0.00,2.00,3.00,0.00,67.00,28.00,1.909,0.312,0.00,20.00,10.05,10.70,0.00,0.00,0.00,0.00,0.00,0.00,0.00,0.00,0.00,0,0,5.00,0.00,0.00,0.00,0.00,0.00,0.00,0.00,0.00,0.00,0.00,0.00,18.00,5.00,3.00,2.00,1.00,2.00,0.00,0.00,0.00,13.00,0.389,0.312,0.701,0.14,0.20,0.385,0.333,0.00,0.00,,0,3.15,0.00
1329271,14,10005322,1,2016,Matt Koch,ARI,RP,P,2,,,3/29/2017 11:06:27 AM,7,5.00,0.00,0.00,0.00,0.00,0.00,0.00,0.00,0.00,0,0.00,0.00,0.00,0.00,0.00,0.00,0.00,0.00,0.00,0.00,0,0,0,0.00,0.00,0.00,0.00,5.00,15.00,5.00,0.00,0,1.00,0.00,0.00,1.00,4.00,0.00,68.00,27.00,0.4,0.062,0.00,27.00,18.05,21.20,0.00,0.00,0.00,0.00,0.00,0.00,0.00,0.00,0.00,0,0,1.00,0.00,0.00,0.00,0.00,0.00,0.00,0.00,0.00,0.00,0.00,0.00,17.00,1.00,6.00,3.00,1.00,0.00,0.00,0.00,0.00,12.00,0.118,0.062,0.180,0.14,0.56,0.083,0.118,0.00,0.00,,0,2.15,0.00
1329274,33,10005325,1,2016,Jake Smith,SD,RP,P,0,,,3/29/2017 11:06:27 AM,4,0.33,0.00,0.00,0.00,0.00,0.00,0.00,0.00,0.00,0,0.00,0.00,0.00,0.00,0.00,0.00,0.00,0.00,0.00,0.00,0,0,0,0.00,0.00,0.00,0.00,1.3333333333,4.00,1.00,1.00,6.750,2.00,1.00,1.00,1.00,2.00,0.00,29.00,11.00,2.250,0.4,0.00,7.00,3.20,3.30,0.00,0.00,0.00,0.00,0.00,0.00,0.00,0.00,0.00,0,0,2.00,0.00,0.00,0.00,0.00,0.00,0.00,1.00,0.00,0.00,0.00,0.00,6.00,2.00,0.00,0.00,0.00,0.00,0.00,0.00,0.00,3.00,0.5,0.4,0.9,0.07,0.15,0.667,0.5,0.00,1.00,,0,2.15,0.00
1329277,23,10005351,1,2016,German Marquez,COL,RP,P,3,,,3/29/2017 11:06:27 AM,6,3.66,3.00,0.00,0.00,0.00,0.00,0.00,0.00,0.00,0,3.00,2.00,0.00,0.00,1.00,0.00,0.00,0.00,0.00,13.00,0,0,0,0.00,0.00,0.00,0.00,8.6666666667,26.00,8.00,2.00,5.192,12.00,5.00,5.00,4.00,5.00,0.00,144.00,53.00,1.846,0.353,0.00,26.00,9.90,11.60,3.00,0.00,0.00,1.00,0.00,0.00,0.00,0.00,1.00,0,0,6.00,4.00,2.00,0.00,0.00,3.00,1.00,0.00,0.00,0.00,0.00,0.00,42.00,20.00,0.00,11.00,5.00,0.00,0.00,0.00,0.00,30.00,0.381,0.588,0.969,0.19,0.24,0.4,0.381,0.00,0.00,,0,3.40,0.00
1332371,33,10005381,1,2016,Jose Torres,SD,RP,P,0,,,3/29/2017 11:06:27 AM,4,-1.34,0.00,0.00,0.00,0.00,0.00,0.00,0.00,0.00,0,0.00,0.00,0.00,0.00,0.00,0.00,0.00,0.00,0.00,0.00,0,0,0,0.00,0.00,0.00,0.00,1.6666666667,5.00,1.00,2.00,16.200,3.00,3.00,3.00,1.00,3.00,0.00,40.00,16.00,2.400,0.375,0.00,5.00,1.35,1.40,0.00,0.00,0.00,0.00,0.00,0.00,0.00,0.00,0.00,0,0,1.00,2.00,0.00,0.00,0.00,0.00,0.00,0.00,0.00,0.00,0.00,0.00,9.00,5.00,0.00,1.00,0.00,1.00,0.00,0.00,0.00,5.00,0.444,0.625,1.069,0.06,0.19,0.6,0.444,0.00,0.00,,0,0.15,0.00
1332374,33,10005384,1,2016,Manuel Margot,SD,CF,OF,8,,,3/29/2017 11:06:27 AM,10,8.00,13.00,1.00,4.00,2.00,2.00,0.00,0.00,1.00,0.308,9.00,3.00,0.00,0.00,0.00,0.00,0.00,0.00,0.00,59.00,0.308,0.462,0.770,0.00,0.00,0.00,0.00,0.00,0.00,0.00,0.00,0,0.00,0.00,0.00,0.00,0.00,0.00,0.00,0.00,0,0,0.00,24.70,20.00,16.20,13.00,6.00,0.00,4.00,0.00,0.00,0.00,0.00,10.00,0.4,0.308,0.00,0.00,0.00,0.00,0.00,0.00,0.00,0.00,0.00,0.00,0.00,0.00,0.00,0.00,0.00,0.00,0.00,0.00,0.00,0.00,0.00,0.00,0,0,0,0,0,0,0,0.00,0.00,,0.154,0,0.00
1332377,33,10005498,1,2016,Carlos Asuaje,SD,2B,IF,6,,,3/29/2017 11:06:27 AM,7,3.00,7.00,0.00,2.00,1.00,1.00,0.00,0.00,0.00,0.286,5.00,1.00,0.00,0.00,0.00,0.00,0.00,0.00,0.00,25.00,0.286,0.429,0.715,0.00,0.00,0.00,0.00,0.00,0.00,0.00,0.00,0,0.00,0.00,0.00,0.00,0.00,0.00,0.00,0.00,0,0,0.00,9.00,8.00,6.30,7.00,3.00,1.00,2.00,0.00,0.00,0.00,0.00,6.00,0.333,0.286,0.00,0.00,0.00,0.00,0.00,0.00,0.00,0.00,0.00,0.00,0.00,0.00,0.00,0.00,0.00,0.00,0.00,0.00,0.00,0.00,0.00,0.00,0,0,0,0,0,0,0,0.00,0.00,,0.143,0,0.00
1345733,15,10000262,3,2016,Conor Gillaspie,SF,3B,IF,5,,,3/29/2017 11:06:27 AM,5,11.00,8.00,3.00,3.00,2.00,0.00,1.00,0.00,3.00,0.375,5.00,3.00,0.00,0.00,0.00,0.00,0.00,0.00,0.00,25.00,0.375,0.625,1.000,0.00,0.00,0.00,0.00,0.00,0.00,0.00,0.00,0,0.00,0.00,0.00,0.00,0.00,0.00,0.00,0.00,0,0,0.00,35.10,26.00,21.30,8.00,5.00,0.00,1.00,0.00,1.00,0.00,0.00,5.00,0.6,0.375,0.00,0.00,0.00,0.00,0.00,0.00,0.00,0.00,0.00,0.00,0.00,0.00,0.00,0.00,0.00,0.00,0.00,0.00,0.00,0.00,0.00,0.00,0,0,0,0,0,0,0,0.00,0.00,,0.250,0,0.00
1345736,18,10000314,3,2016,Jay Bruce,NYM,RF,OF,1,,,3/29/2017 11:06:27 AM,1,0.00,3.00,0.00,0.00,0.00,0.00,0.00,0.00,0.00,0,3.00,1.00,0.00,0.00,0.00,0.00,0.00,0.00,0.00,6.00,0,0,0,0.00,0.00,0.00,0.00,0.00,0.00,0.00,0.00,0,0.00,0.00,0.00,0.00,0.00,0.00,0.00,0.00,0,0,0.00,0.00,0.00,0.00,3.00,0.00,2.00,0.00,0.00,0.00,0.00,0.00,2.00,0,0,0.00,0.00,0.00,0.00,0.00,0.00,0.00,0.00,0.00,0.00,0.00,0.00,0.00,0.00,0.00,0.00,0.00,0.00,0.00,0.00,0.00,0.00,0,0,0,0,0,0,0,0.00,0.00,,0,0,0.00
1345739,19,10000356,3,2016,Michael Bourn,BAL,CF,OF,1,,,3/29/2017 11:06:27 AM,1,0.00,1.00,0.00,0.00,0.00,0.00,0.00,0.00,0.00,0,1.00,0.00,0.00,0.00,0.00,0.00,0.00,0.00,0.00,4.00,0,0,0,0.00,0.00,0.00,0.00,0.00,0.00,0.00,0.00,0,0.00,0.00,0.00,0.00,0.00,0.00,0.00,0.00,0,0,0.00,0.00,0.00,0.00,1.00,0.00,0.00,1.00,0.00,0.00,0.00,0.00,1.00,0,0,0.00,0.00,0.00,0.00,0.00,0.00,0.00,0.00,0.00,0.00,0.00,0.00,0.00,0.00,0.00,0.00,0.00,0.00,0.00,0.00,0.00,0.00,0,0,0,0,0,0,0,0.00,0.00,,0,0,0.00
1345796,3,10001286,3,2016,Brett Cecil,TOR,RP,P,0,,,3/29/2017 11:06:27 AM,6,1.66,0.00,0.00,0.00,0.00,0.00,0.00,0.00,0.00,0,0.00,0.00,0.00,0.00,0.00,0.00,0.00,0.00,0.00,0.00,0,0,0,0.00,0.00,0.00,0.00,1.6666666667,5.00,1.00,2.00,0,0.00,0.00,0.00,2.00,0.00,0.00,29.00,9.00,1.200,0,0.00,5.00,2.55,3.20,0.00,0.00,0.00,0.00,0.00,0.00,0.00,0.00,0.00,0,0,0.00,0.00,0.00,0.00,0.00,0.00,0.00,0.00,0.00,0.00,0.00,0.00,7.00,0.00,1.00,3.00,0.00,1.00,0.00,0.00,0.00,5.00,0.286,0,0.286,0,0.09,0,0.143,0.00,0.00,,0,9.15,0.00
1345799,3,10001305,3,2016,Marcus Stroman,TOR,SP,P,2,,,3/29/2017 11:06:27 AM,2,3.00,0.00,0.00,0.00,0.00,0.00,0.00,0.00,0.00,0,0.00,0.00,0.00,0.00,0.00,0.00,0.00,0.00,0.00,0.00,0,0,0,0.00,0.00,0.00,0.00,4.00,12.00,4.00,0.00,2.25,2.00,1.00,1.00,0.00,5.00,1.00,63.00,27.00,0.5,0.143,0.00,24.00,15.80,18.20,0.00,0.00,0.00,0.00,0.00,0.00,0.00,0.00,0.00,0,0,1.00,0.00,0.00,0.00,0.00,0.00,0.00,0.00,0.00,0.00,0.00,0.00,14.00,5.00,1.00,5.00,1.00,0.00,0.00,0.00,0.00,8.00,0.143,0.357,0.500,0.09,0,0.125,0.214,0.00,0.00,,0,3.90,0.00
1345982,25,10000153,3,2016,Rick Porcello,BOS,SP,P,1,,,3/29/2017 11:06:27 AM,1,-1.67,0.00,0.00,0.00,0.00,0.00,0.00,0.00,0.00,0,0.00,0.00,0.00,0.00,0.00,0.00,0.00,0.00,0.00,0.00,0,0,0,0.00,0.00,0.00,0.00,1.3333333333,4.00,1.00,1.00,20.250,3.00,3.00,3.00,0.00,4.00,1.00,26.00,15.00,2.250,0.429,0.00,7.00,3.20,3.30,0.00,0.00,0.00,0.00,0.00,0.00,0.00,0.00,0.00,0,0,2.00,0.00,0.00,0.00,0.00,0.00,0.00,0.00,0.00,0.00,0.00,0.00,7.00,6.00,0.00,0.00,0.00,0.00,0.00,0.00,0.00,2.00,0.429,0.857,1.286,0.04,0,1,0.571,0.00,0.00,,0,8.15,0.00
1345985,25,10000158,3,2016,Koji Uehara,BOS,RP,P,0,,,3/29/2017 11:06:27 AM,2,1.00,0.00,0.00,0.00,0.00,0.00,0.00,0.00,0.00,0,0.00,0.00,0.00,0.00,0.00,0.00,0.00,0.00,0.00,0.00,0,0,0,0.00,0.00,0.00,0.00,1.00,3.00,1.00,0.00,0,0.00,0.00,0.00,0.00,0.00,0.00,8.00,3.00,0,0,0.00,3.00,2.25,3.00,0.00,0.00,0.00,0.00,0.00,0.00,0.00,0.00,0.00,0,0,0.00,0.00,0.00,0.00,0.00,0.00,0.00,1.00,0.00,0.00,0.00,0.00,2.00,0.00,0.00,1.00,0.00,0.00,0.00,0.00,0.00,2.00,0,0,0,0,0,0,0,0.00,1.00,,0,3.15,0.00
1345988,25,10000165,3,2016,Xander Bogaerts,BOS,SS,IF,3,,,3/29/2017 11:06:27 AM,3,0.00,2.00,0.00,0.00,0.00,0.00,0.00,0.00,0.00,0,2.00,1.00,0.00,0.00,0.00,0.00,0.00,0.00,0.00,5.00,0,0,0,0.00,0.00,0.00,0.00,0.00,0.00,0.00,0.00,0,0.00,0.00,0.00,0.00,0.00,0.00,0.00,0.00,0,0,0.00,0.00,0.00,0.00,2.00,0.00,0.00,1.00,0.00,0.00,0.00,0.00,1.00,0,0,0.00,0.00,0.00,0.00,0.00,0.00,0.00,0.00,0.00,0.00,0.00,0.00,0.00,0.00,0.00,0.00,0.00,0.00,0.00,0.00,0.00,0.00,0,0,0,0,0,0,0,0.00,0.00,,0,0,0.00
1346045,28,10000735,3,2016,Carlos Gomez,TEX,LF,OF,3,,,3/29/2017 11:06:27 AM,3,4.00,4.00,1.00,2.00,2.00,0.00,0.00,0.00,1.00,0.5,2.00,1.00,0.00,0.00,0.00,0.00,0.00,0.00,0.00,15.00,0.5,0.5,1.0,0.00,0.00,0.00,0.00,0.00,0.00,0.00,0.00,0,0.00,0.00,0.00,0.00,0.00,0.00,0.00,0.00,0,0,0.00,12.70,10.00,7.80,4.00,2.00,0.00,0.00,0.00,1.00,0.00,0.00,3.00,0.667,0.5,0.00,0.00,0.00,0.00,0.00,0.00,0.00,0.00,0.00,0.00,0.00,0.00,0.00,0.00,0.00,0.00,0.00,0.00,0.00,0.00,0.00,0.00,0,0,0,0,0,0,0,0.00,0.00,,0.0,0,0.00
1346048,10,10000841,3,2016,Andrew Miller,CLE,RP,P,0,,,3/29/2017 11:06:27 AM,10,3.66,0.00,0.00,0.00,0.00,0.00,0.00,0.00,0.00,0,0.00,0.00,0.00,0.00,0.00,0.00,0.00,0.00,0.00,0.00,0,0,0,0.00,0.00,0.00,0.00,5.6666666667,17.00,5.00,2.00,3.176,1.00,2.00,2.00,1.00,7.00,0.00,68.00,35.00,0.353,0.067,0.00,32.00,21.55,25.20,0.00,0.00,0.00,0.00,0.00,0.00,0.00,0.00,0.00,0,0,1.00,0.00,0.00,0.00,0.00,1.00,1.00,1.00,0.00,0.00,0.00,0.00,18.00,1.00,1.00,3.00,2.00,1.00,0.00,0.00,0.00,9.00,0.111,0.067,0.178,0.09,0.63,0.111,0.111,0.00,1.00,,0,0.95,0.00
1346051,28,10000876,3,2016,Carlos Beltran,TEX,DH,DH,3,,,3/29/2017 11:06:27 AM,3,1.00,3.00,0.00,1.00,1.00,0.00,0.00,0.00,0.00,0.333,2.00,0.00,0.00,0.00,0.00,0.00,0.00,0.00,0.00,7.00,0.333,0.333,0.666,0.00,0.00,0.00,0.00,0.00,0.00,0.00,0.00,0,0.00,0.00,0.00,0.00,0.00,0.00,0.00,0.00,0,0,0.00,3.00,3.00,2.10,3.00,1.00,1.00,1.00,0.00,0.00,0.00,0.00,3.00,0.333,0.333,0.00,0.00,0.00,0.00,0.00,0.00,0.00,0.00,0.00,0.00,0.00,0.00,0.00,0.00,0.00,0.00,0.00,0.00,0.00,0.00,0.00,0.00,0,0,0,0,0,0,0,0.00,0.00,,0.000,0,0.00
